{"_step":0,"mfu":-100,"_runtime":43,"_wandb":{"runtime":43},"_timestamp":1.772642782349102e+09,"val/loss":3.234752655029297,"iter":0,"train/loss":3.236614942550659,"lr":9.900990099009901e-06}