{"_timestamp":1.7723970874180312e+09,"iter":2000,"_step":20,"mfu":0.03152685333168567,"_wandb":{"runtime":17689},"_runtime":17689,"lr":0.0001,"train/loss":0.19201378524303436,"val/loss":0.3159007430076599}